No.,Time
1,19.46
2,22.75
3,23.39
4,23.93
5,23.53
6,16.38
7,24.71
8,32.26
9,21.99
10,23.45
11,27.59
12,23.lut
13,25.36
14,22.81
15,26.37
16,22.82
17,26.lis
18,23.35
19,24.24
20,27.31
21,27.13
22,27.23
23,21.22
24,19.32
25,24.22
26,27.27
27,21.33
28,24.60
29,25.41
30,31.53
31,32.85
32,24.92
33,21.18
34,24.80
35,16.31
36,23.19
37,20.15
38,22.gru
39,21.pa�
40,27.89
41,25.79
42,24.mar
43,24.44
44,23.kwi
45,27.20
46,22.18
47,21.25
48,23.42
49,31.lip
50,20.92
51,23.26
52,29.99
53,22.80
54,26.55
55,20.47
56,19.74
57,26.42
58,24.29
59,21.17
60,18.20
61,27.57
62,26.66
63,20.30
64,27.95
65,24.35
66,23.00
67,26.87
68,24.47
69,22.97
70,30.88
71,21.45
72,26.59
73,20.51
74,20.25
75,21.61
76,25.84
77,28.83
78,17.64
79,22.21
80,21.78
81,23.kwi
82,18.17
83,18.73
84,21.17
85,25.54
86,22.49
87,22.86
88,26.13
89,23.16
90,24.55
91,24.maj
92,27.36
93,19.96
94,25.82
95,21.32
96,27.97
97,26.79
98,21.82
99,28.63
100,20.53
101,21.40
102,19.93
103,22.48
104,20.53
105,23.gru
106,24.36
107,22.43
108,23.68
109,24.37
110,24.43
111,24.18
112,26.92
113,20.92
114,23.62
115,18.90
116,17.72
117,21.18
118,19.23
119,24.78
120,21.98
121,25.28
122,20.37
123,29.17
124,24.14
125,24.32
126,18.92
127,28.16
128,19.73
129,22.38
130,24.94
131,22.69
132,23.66
133,25.98
134,20.sie
135,21.65
136,22.68
137,30.45
138,21.28
139,27.kwi
140,23.56
141,20.68
142,20.95
143,20.lut
144,24.lip
145,26.44
146,23.77
147,19.53
148,19.95
149,20.41
150,24.67
151,20.lis
152,26.54
153,23.59
154,21.cze
155,29.49
156,23.42
157,23.60
158,23.60
159,23.16
160,24.34
161,22.kwi
162,25.63
163,24.64
164,20.26
165,20.26
166,23.mar
167,23.00
168,28.50
169,25.93
170,22.lis
171,21.91
172,22.91
173,23.26
174,25.13
175,30.lis
176,25.wrz
177,22.67
178,21.44
179,27.40
180,23.pa�
181,24.lut
182,26.maj
183,21.48
184,19.65
185,31.45
186,27.72
187,22.70
188,25.60
189,21.39
190,25.14
191,22.13
192,21.72
193,22.24
194,28.42
195,24.58
196,26.25
197,22.17
198,24.53
199,25.17
200,30.sie
201,26.60
202,24.22
203,18.94
204,22.63
205,30.74
206,27.lis
207,25.25
208,22.73
209,19.gru
210,21.pa�
211,23.64
212,25.gru
213,24.80
214,26.maj
215,27.42
216,21.23
217,25.87
218,22.17
219,22.68
220,24.18
221,26.29
222,21.29
223,26.47
224,21.44
225,18.62
226,22.lip
227,21.37
228,20.84
229,22.21
230,20.81
231,22.82
232,18.35
233,27.56
234,21.18
235,18.64
236,22.86
237,28.25
238,21.42
239,23.76
240,22.78
241,21.49
242,24.92
243,24.38
244,24.32
245,20.20
246,24.lut
247,22.lis
248,27.66
249,25.53
250,27.cze
251,22.75
252,23.sty
253,19.71
254,25.mar
255,18.43
256,23.18
257,19.61
258,22.96
259,22.34
260,19.29
261,25.63
262,23.20
263,23.82
264,18.94
265,22.55
266,24.81
267,19.26
268,21.79
269,22.20
270,15.41
271,19.68
272,24.47
273,20.pa�
274,21.50
275,20.99
276,25.49
277,17.90
278,23.gru
279,21.30
280,27.16
281,23.35
282,23.30
283,25.47
284,24.cze
285,20.82
286,18.27
287,23.24
288,21.69
289,23.73
290,20.48
291,21.16
292,21.88
293,23.55
294,16.81
295,20.52
296,19.80
297,19.98
298,23.sie
299,21.63
300,19.58
301,26.45
302,21.98
303,27.40
304,20.sie
305,25.63
306,25.81
307,22.52
308,22.gru
309,22.pa�
310,19.60
311,28.53
312,20.13
313,23.30
314,25.63
315,19.13
316,21.83
317,19.29
318,24.27
319,20.23
320,26.18
321,18.26
322,29.82
323,20.41
324,20.83
325,23.49
326,29.lip
327,20.51
328,20.55
329,21.63
330,20.53
331,22.49
332,22.40
333,24.lut
334,21.23
335,17.99
336,17.91
337,19.32
338,24.84
339,28.28
340,21.maj
341,22.28
342,21.00
343,22.sty
344,21.13
345,22.17
346,20.00
347,28.20
348,21.30
349,19.39
350,21.84
351,23.cze
352,21.65
353,22.84
354,26.38
355,22.lis
356,22.19
357,24.mar
358,22.24
359,25.61
360,19.94
361,24.54
362,20.mar
363,26.95
364,21.82
365,18.99
366,20.36
367,22.63
368,27.21
369,23.64
370,20.49
371,18.17
372,24.91
373,27.72
374,22.71
375,19.42
376,24.80
377,28.48
378,24.90
379,26.pa�
380,22.89
381,26.54
382,20.57
383,23.18
384,25.71
385,18.wrz
386,23.59
387,22.59
388,21.32
389,23.99
390,20.72
391,23.39
392,23.82
393,22.26
394,23.28
395,21.28
396,20.81
397,20.45
398,21.62
399,23.42
400,23.22
401,24.33
402,20.19
403,21.54
404,24.pa�
405,21.22
406,19.cze
407,26.69
408,22.15
409,22.62
410,20.17
411,20.20
412,21.70
413,24.31
414,25.66
415,23.00
416,25.88
417,22.45
418,25.kwi
419,19.62
420,22.36
421,23.48
422,22.21
423,26.22
424,23.41
425,22.56
426,23.73
427,19.63
428,28.47
429,21.85
430,21.73
431,22.kwi
432,27.maj
433,19.78
434,24.33
435,20.86
436,21.40
437,25.32
438,18.53
439,24.46
440,23.62
441,19.gru
442,22.31
443,21.32
444,23.51
445,21.22
446,22.63
447,24.37
448,24.23
449,23.23
450,25.gru
451,22.61
452,24.54
453,22.91
454,16.78
455,24.87
456,21.lut
457,19.47
458,24.35
459,21.80
460,22.sie
461,20.64
462,18.52
463,22.cze
464,21.19
465,20.38
466,23.90
467,22.lut
468,22.42
469,18.88
470,23.86
471,19.79
472,22.64
473,16.69
474,18.29
475,22.19
476,22.16
477,21.59
478,23.79
479,19.pa�
480,22.88
481,21.32
482,19.25
483,20.91
484,26.48
485,21.14
486,20.54
487,21.40
488,19.40
489,20.97
490,20.maj
491,25.gru
492,18.cze
493,23.70
494,26.34
495,23.43
496,29.39
497,25.63
498,24.82
499,22.69
500,22.67
501,19.71
502,18.54
503,20.43
504,18.50
505,25.66
506,23.45
507,24.sty
508,22.lip
509,23.pa�
510,23.46
511,19.47
512,22.kwi
513,19.27
514,21.28
515,17.lis
516,19.58
517,20.68
518,20.35
519,28.16
520,18.61
521,22.18
522,24.wrz
523,25.80
524,23.kwi
525,20.99
526,22.51
527,21.73
528,24.60
529,23.89
530,20.32
531,29.maj
532,21.80
533,22.sty
534,25.62
535,21.34
536,22.76
537,21.76
538,26.36
539,23.sty
540,21.24
541,18.51
542,19.31
543,23.42
544,19.71
545,19.89
546,21.98
547,23.16
548,21.74
549,23.33
550,20.91
551,22.19
552,22.93
553,22.85
554,19.62
555,23.17
556,21.41
557,21.49
558,22.65
559,17.62
560,26.31
561,23.41
562,19.17
563,22.64
564,20.92
565,18.64
566,23.lis
567,23.69
568,26.50
569,18.31
570,21.lis
571,24.pa�
572,24.58
573,22.33
574,20.80
575,21.67
576,21.54
577,16.55
578,19.50
579,21.65
580,26.37
581,19.48
582,19.99
583,21.64
584,17.19
585,16.68
586,25.57
587,18.55
588,18.65
589,22.16
590,22.mar
591,19.66
592,21.lis
593,25.lut
594,25.38
595,24.93
596,20.43
597,20.wrz
598,19.98
599,19.29
600,20.73
601,22.17
602,18.88
603,19.48
604,16.55
605,18.44
606,19.28
607,18.23
608,18.48
609,23.26
610,19.52
611,17.45
612,18.51
613,19.43
614,22.31
615,21.96
616,15.maj
617,20.gru
618,17.lis
619,21.70
620,19.20
621,18.kwi
622,17.80
623,16.47
624,20.54
625,17.75
626,22.23
627,21.31
628,17.70
629,19.90
630,22.64
631,20.57
632,20.wrz
633,20.15
634,18.28
635,20.21
636,21.25
637,20.14
638,21.84
639,19.24
640,19.17
641,21.46
642,19.53
643,17.15
644,20.59
645,21.72
646,17.84
647,18.63
648,19.50
649,18.00
650,26.gru
651,16.61
652,21.49
653,20.13
654,17.77
655,15.56
656,23.77
657,26.44
658,21.72
659,18.58
660,19.26
661,18.72
662,21.47
663,20.58
664,22.87
665,20.20
666,17.47
667,23.40
668,22.16
669,19.47
670,20.51
671,23.35
672,18.44
673,21.57
674,20.74
675,22.48
676,21.98
677,21.25
678,18.77
679,18.71
680,18.17
681,21.20
682,17.41
683,22.71
684,22.96
685,20.61
686,16.93
687,18.lut
688,22.61
689,22.14
690,24.48
691,18.29
692,14.30
693,22.51
694,20.67
695,18.18
696,18.72
697,17.73
698,22.76
699,22.21
700,20.94
701,17.lip
702,19.32
703,23.lut
704,19.kwi
705,24.20
706,20.91
707,23.lut
708,22.50
709,23.52
710,15.88
711,22.wrz
712,16.94
713,22.90
714,18.39
715,19.53
716,17.lut
717,20.cze
718,25.54
719,21.77
720,24.80
721,19.43
722,22.sty
723,19.75
724,22.26
725,18.73
726,23.94
727,15.74
728,22.sty
729,20.46
730,19.38
731,19.64
732,23.80
733,21.57
734,15.43
735,19.65
736,22.25
737,20.45
738,18.62
739,18.81
740,20.21
741,19.71
742,26.00
743,22.90
744,18.59
745,16.38
746,19.15
747,18.78
748,19.gru
749,19.76
750,20.cze
751,18.18
752,22.38
753,17.lip
754,19.mar
755,23.95
756,18.40
757,24.71
758,20.70
759,23.31
760,25.kwi
761,22.74
762,15.54
763,22.88
764,23.53
765,21.47
766,18.94
767,19.30
768,21.mar
769,18.90
770,18.95
771,19.59
772,27.39
773,19.98
774,17.83
775,20.95
776,19.38
777,18.93
778,17.31
779,23.49
780,17.81
781,18.20
782,22.13
783,18.72
784,16.sty
785,20.16
786,18.sie
787,21.71
788,22.58
789,22.82
790,19.69
791,19.mar
792,19.41
793,23.45
794,20.43
795,21.18
796,24.45
797,20.76
798,22.57
799,18.98
800,24.36
801,18.39
802,22.pa�
803,22.31
804,20.71
805,22.lis
806,19.20
807,17.cze
808,18.85
809,19.60
810,20.25
811,17.62
812,16.30
813,20.69
814,15.33
815,18.14
816,20.85
817,19.79
818,21.58
819,23.maj
820,17.98
821,20.66
822,20.66
823,15.73
824,19.lis
825,18.lut
826,19.33
827,20.31
828,20.38
829,20.27
830,16.92
831,21.38
832,16.36
833,22.68
834,19.94
835,19.34
836,21.55
837,20.82
838,18.76
839,21.maj
840,19.88
841,19.99
842,19.44
843,17.38
844,21.24
845,18.93
846,19.95
847,22.32
848,21.37
849,23.29
850,16.92
851,20.65
852,18.maj
853,21.16
854,17.51
855,19.sie
856,17.94
857,20.86
858,19.76
859,17.49
860,18.16
861,16.33
862,19.gru
863,17.38
864,17.31
865,21.62
866,21.44
867,22.18
868,21.84
869,21.45
870,23.60
871,20.26
872,18.47
873,19.57
874,19.76
875,20.25
876,18.82
877,21.82
878,15.84
879,17.57
880,18.mar
881,21.50
882,18.93
883,17.58
884,19.31
885,18.15
886,23.65
887,19.lut
888,24.88
889,17.55
890,21.28
891,20.55
892,17.56
893,18.26
894,18.85
895,20.15
896,18.28
897,22.24
898,18.93
899,20.97
900,23.14
901,19.62
902,19.83
903,19.49
904,21.95
905,20.39
906,19.79
907,19.73
908,18.39
909,21.77
910,25.50
911,18.00
912,18.64
913,22.95
914,17.43
915,22.40
916,22.40
917,17.lut
918,21.24
919,19.75
920,19.72
921,19.30
922,21.kwi
923,21.56
924,22.41
925,22.43
926,22.20
927,17.64
928,18.58
929,20.35
930,24.22
931,22.sty
932,21.lip
933,20.45
934,16.88
935,22.92
936,25.58
937,18.gru
938,21.94
939,17.88
940,19.mar
941,16.41
942,18.pa�
943,21.54
944,20.33
945,20.55
946,22.29
947,19.92
948,18.71
949,21.17
950,22.74
951,19.95
952,14.96
953,17.sie
954,16.kwi
955,15.55
956,19.pa�
957,17.maj
958,23.13
959,19.48
960,22.lip
961,17.53
962,20.51
963,23.52
964,23.39
965,23.22
966,20.17
967,16.24
968,18.46
969,19.84
970,21.kwi
971,23.51
972,18.lis
973,17.97
974,19.72
975,20.52
976,19.85
977,22.79
978,18.21
979,21.30
980,21.40
981,22.85
982,22.65
983,22.62
984,18.lis
985,21.89
986,19.44
987,22.mar
988,17.47
989,20.67
990,20.40
991,26.mar
992,18.59
993,19.sie
994,18.mar
995,18.pa�
996,21.35
997,20.61
998,18.67
999,20.54
1000,19.95
1001,15.94
1002,19.91
1003,19.49
1004,21.25
1005,18.26
1006,19.pa�
1007,24.74
1008,25.40
1009,22.61
1010,21.35
1011,23.53
1012,18.pa�
1013,19.36
1014,19.48
1015,20.pa�
1016,17.66
1017,20.49
1018,18.68
1019,19.wrz
1020,22.47
1021,17.74
1022,18.70
1023,18.75
1024,20.38
1025,21.58
1026,15.85
1027,16.81
1028,19.48
1029,19.16
1030,19.38
1031,19.55
1032,15.56
1033,16.cze
1034,24.23
1035,17.54
1036,17.85
1037,16.97
1038,16.89
1039,17.43
1040,19.98
1041,18.61
1042,20.81
1043,21.gru
1044,19.82
1045,19.lip
1046,18.37
1047,19.50
1048,20.84
1049,16.34
1050,18.50
1051,18.20
1052,20.92
1053,17.80
1054,20.70
1055,19.47
1056,20.83
1057,18.96
1058,13.45
1059,19.cze
1060,17.74
1061,19.72
1062,21.74
1063,19.67
1064,15.82
1065,19.14
1066,17.52
1067,18.99
1068,19.37
1069,17.82
1070,15.46
1071,18.76
1072,16.43
1073,16.91
1074,16.38
1075,14.65
1076,19.76
1077,17.66
1078,20.46
1079,16.57
1080,19.32
1081,19.27
1082,18.20
1083,21.91
1084,21.mar
1085,20.31
1086,17.22
1087,18.34
1088,16.74
1089,18.kwi
1090,24.30
1091,18.96
1092,20.69
1093,16.68
1094,21.18
1095,17.64
1096,22.71
1097,24.27
1098,15.71
1099,17.16
1100,18.61
1101,19.pa�
1102,17.45
1103,20.22
1104,17.51
1105,22.87
1106,17.17
1107,23.92
1108,18.cze
1109,19.79
1110,17.maj
1111,17.22
1112,18.91
1113,21.40
1114,20.86
1115,17.sie
1116,22.pa�
1117,20.88
1118,14.92
1119,18.81
1120,17.44
1121,18.91
1122,21.27
1123,18.17
1124,17.90
1125,19.70
1126,17.34
1127,18.kwi
1128,19.52
1129,16.62
1130,20.sty
1131,23.14
1132,18.78
1133,18.23
1134,17.66
1135,19.95
1136,17.88
1137,18.94
1138,22.27
1139,23.30
1140,20.65
1141,17.96
1142,23.79
1143,20.49
1144,17.72
1145,17.79
1146,24.32
1147,18.51
1148,26.47
1149,19.65
1150,20.21
1151,18.55
1152,18.24
1153,20.36
1154,19.lut
1155,18.29
1156,17.88
1157,22.41
1158,18.43
1159,23.24
1160,19.74
1161,19.99
1162,20.33
1163,20.13
1164,19.68
1165,21.33
1166,21.65
1167,18.58
1168,22.90
1169,21.32
1170,22.65
1171,22.56
1172,16.41
1173,17.81
1174,16.82
1175,21.69
1176,18.73
1177,18.21
1178,23.26
1179,22.38
1180,22.19
1181,23.63
1182,24.sie
1183,18.49
1184,21.23
1185,18.23
1186,18.79
1187,20.72
1188,18.44
1189,23.lis
1190,18.79
1191,18.86
1192,19.69
1193,15.65
1194,20.42
1195,18.mar
1196,19.92
1197,17.66
1198,17.59
1199,19.mar
1200,17.18
1201,19.73
1202,20.85
1203,21.21
1204,19.95
1205,19.65
1206,19.41
1207,19.92
1208,19.24
1209,14.78
1210,20.44
1211,20.maj
1212,21.90
1213,22.92
1214,18.92
1215,21.91
1216,20.32
1217,18.30
1218,20.lut
1219,22.cze
1220,17.13
1221,23.54
1222,18.20
1223,21.20
1224,18.36
1225,18.55
1226,21.86
1227,22.76
1228,18.lip
1229,23.pa�
1230,23.39
1231,17.97
1232,17.22
1233,20.wrz
1234,17.49
1235,15.22
1236,20.52
1237,18.34
1238,22.63
1239,23.36
1240,22.34
1241,22.37
1242,16.91
1243,21.76
1244,22.56
1245,18.73
1246,23.24
1247,17.90
1248,19.19
1249,21.sie
1250,15.98
1251,22.maj
1252,17.96
1253,19.67
1254,15.70
1255,14.84
1256,18.82
1257,20.54
1258,17.23
1259,15.40
1260,16.77
1261,17.13
1262,16.31
1263,13.sie
1264,19.28
1265,18.48
1266,17.77
1267,17.35
1268,17.34
1269,21.74
1270,21.18
1271,15.42
1272,20.48
1273,15.20
1274,18.67
1275,23.75
1276,21.49
1277,18.46
1278,21.cze
1279,18.67
1280,22.29
1281,20.60
1282,20.49
1283,21.69
1284,16.sie
1285,17.79
1286,17.62
1287,18.wrz
1288,17.74
1289,17.36
1290,19.32
1291,17.97
1292,23.18
1293,20.lis
1294,21.84
1295,20.44
1296,16.68
1297,22.17
1298,18.53
1299,20.58
1300,19.47
1301,18.68
1302,15.99
1303,20.39
1304,19.47
1305,15.lis
1306,18.84
1307,20.15
1308,20.84
1309,17.26
1310,17.55
1311,18.40
1312,21.14
1313,22.73
1314,21.lip
1315,18.90
1316,15.75
1317,15.21
1318,22.79
1319,19.78
1320,18.53
1321,20.21
1322,17.60
1323,21.16
1324,18.82
1325,17.21
1326,16.64
1327,20.65
1328,21.89
1329,20.54
1330,20.66
1331,18.29
1332,16.45
1333,19.62
1334,22.18
1335,20.82
1336,19.mar
1337,22.78
1338,19.13
1339,17.34
1340,18.55
1341,17.73
1342,15.94
1343,22.43
1344,17.48
1345,19.sty
1346,16.45
1347,17.43
1348,18.67
1349,19.13
1350,16.75
1351,17.38
1352,17.37
1353,22.23
1354,14.34
1355,22.79
1356,18.16
1357,21.lis
1358,19.94
1359,19.21
1360,16.77
1361,18.86
1362,20.68
1363,19.49
1364,19.62
1365,20.98
1366,19.57
1367,20.24
1368,18.42
1369,16.21
1370,17.48
1371,21.47
1372,18.38
1373,18.15
1374,17.21
1375,24.32
1376,21.98
1377,17.62
1378,16.gru
1379,17.95
1380,18.gru
1381,16.96
1382,15.37
1383,22.39
1384,15.92
1385,20.71
1386,19.76
1387,15.64
1388,13.33
1389,20.63
1390,21.24
1391,19.lut
1392,21.78
1393,19.96
1394,21.72
1395,18.74
1396,18.34
1397,21.41
1398,19.50
1399,20.19
1400,17.kwi
1401,21.94
1402,17.94
1403,14.51
1404,18.51
1405,23.sty
1406,18.88
1407,16.72
1408,19.48
1409,16.sie
1410,21.73
1411,15.cze
1412,17.64
1413,18.35
1414,16.73
1415,19.40
1416,23.99
1417,19.75
1418,19.44
1419,18.51
1420,18.80
1421,19.75
1422,18.69
1423,15.69
1424,21.71
1425,19.21
1426,17.16
1427,18.29
1428,17.kwi
1429,16.67
1430,15.68
1431,20.30
1432,20.55
1433,20.29
1434,22.34
1435,21.48
1436,20.93
1437,19.23
1438,24.lut
1439,18.22
1440,16.95
1441,17.lis
1442,18.92
1443,13.72
1444,21.36
1445,15.79
1446,16.59
1447,17.83
1448,16.63
1449,21.46
1450,14.31
1451,22.pa�
1452,18.68
1453,21.22
1454,19.69
1455,15.86
1456,18.93
1457,20.38
1458,20.70
1459,15.42
1460,19.76
1461,17.50
1462,16.66
1463,17.78
1464,22.82
1465,16.16
1466,15.34
1467,18.44
1468,18.cze
1469,17.48
1470,20.86
1471,16.27
1472,15.85
1473,17.35
1474,18.73
1475,22.gru
1476,20.lip
1477,17.77
1478,22.93
1479,17.74
1480,17.42
1481,17.55
1482,19.18
1483,17.59
1484,20.60
1485,20.31
1486,23.23
1487,19.mar
1488,18.53
1489,17.42
1490,15.83
1491,20.78
1492,17.64
1493,17.45
1494,18.56
1495,17.25
1496,19.31
1497,18.76
1498,15.70
1499,17.83
1500,17.52
1501,21.74
1502,16.40
1503,16.90
1504,21.35
1505,19.88
1506,19.wrz
1507,20.47
1508,17.33
1509,20.33
1510,17.35
1511,19.89
1512,18.76
1513,17.34
1514,22.59
1515,20.00
1516,17.26
1517,20.43
1518,14.97
1519,22.cze
1520,20.lut
1521,19.51
1522,15.36
1523,14.54
1524,16.87
1525,20.36
1526,18.lis
1527,16.17
1528,16.60
1529,15.15
1530,18.83
1531,15.27
1532,19.55
1533,22.76
1534,17.72
1535,17.38
1536,18.74
1537,19.14
1538,15.68
1539,18.pa�
1540,17.70
1541,21.28
1542,17.84
1543,16.85
1544,17.68
1545,19.maj
1546,18.46
1547,20.64
1548,18.19
1549,18.85
1550,15.44
1551,14.77
1552,17.93
1553,16.44
1554,19.86
1555,18.75
1556,18.90
1557,17.78
1558,19.71
1559,17.77
1560,16.63
1561,22.50
1562,23.39
1563,20.89
1564,17.34
1565,15.74
1566,16.55
1567,22.sty
1568,20.15
1569,21.60
1570,19.51
1571,19.pa�
1572,15.73
1573,21.45
1574,15.96
1575,17.73
1576,17.52
1577,16.kwi
1578,21.72
1579,19.75
1580,16.96
1581,19.81
1582,20.18
1583,18.93
1584,18.89
1585,16.51
1586,19.73
1587,22.62
1588,16.30
1589,17.31
1590,16.71
1591,17.97
1592,20.cze
1593,19.sty
1594,15.maj
1595,16.37
1596,16.24
1597,18.28
1598,20.14
1599,18.37
1600,18.72
1601,15.lut
1602,18.mar
1603,18.52
1604,19.88
1605,16.69
1606,21.17
1607,23.lut
1608,18.57
1609,21.92
1610,17.91
1611,18.29
1612,23.20
1613,15.89
1614,14.90
1615,20.47
1616,19.94
1617,17.00
1618,21.23
1619,14.67
1620,14.38
1621,16.80
1622,16.sie
1623,15.58
1624,16.86
1625,18.18
1626,19.38
1627,18.mar
1628,21.79
1629,19.34
1630,18.77
1631,16.81
1632,20.kwi
1633,17.91
1634,15.34
1635,17.64
1636,19.22
1637,23.89
1638,24.42
1639,16.33
1640,21.40
1641,18.59
1642,21.wrz
1643,18.57
1644,19.23
1645,16.70
1646,19.70
1647,18.65
1648,19.14
1649,16.86
1650,17.48
1651,18.67
1652,19.79
1653,23.72
1654,17.35
1655,17.sie
1656,17.87
1657,19.38
1658,18.36
1659,17.gru
1660,20.22
1661,22.75
1662,16.81
1663,19.44
1664,15.40
1665,19.sty
1666,20.79
1667,16.80
1668,21.74
1669,16.21
1670,17.15
1671,19.91
1672,22.23
1673,18.15
1674,19.22
1675,14.gru
1676,24.lis
1677,18.57
1678,15.29
1679,16.34
1680,16.26
1681,18.68
1682,22.71
1683,18.00
1684,23.13
1685,19.81
1686,14.88
1687,17.94
1688,17.69
1689,14.15
1690,18.48
1691,21.47
1692,22.32
1693,25.64
1694,16.70
1695,16.55
1696,14.66
1697,17.92
1698,19.42
1699,20.49
1700,19.kwi
1701,19.24
1702,17.54
1703,23.70
1704,16.34
1705,19.47
1706,20.22
1707,19.81
1708,15.44
1709,19.45
1710,19.28
1711,16.33
1712,16.34
1713,15.86
1714,17.mar
1715,17.63
1716,20.25
1717,14.79
1718,21.sie
1719,18.47
1720,17.19
1721,21.81
1722,16.72
1723,17.23
1724,19.69
1725,19.22
1726,19.cze
1727,19.19
1728,16.89
1729,17.maj
1730,19.pa�
1731,21.lut
1732,17.pa�
1733,17.51
1734,18.mar
1735,18.96
1736,20.sie
1737,20.23
1738,20.46
1739,21.36
1740,18.27
1741,22.28
1742,20.25
1743,20.47
1744,20.sie
1745,17.17
1746,20.86
1747,20.24
1748,18.37
1749,21.62
1750,20.50
1751,21.98
1752,17.27
1753,18.50
1754,20.96
1755,15.23
1756,19.73
1757,22.52
1758,16.28
1759,20.35
1760,16.37
1761,21.kwi
1762,19.33
1763,19.35
1764,16.31
1765,21.13
1766,18.pa�
1767,16.16
1768,19.52
1769,22.16
1770,13.87
1771,19.38
1772,18.70
1773,16.27
1774,17.95
1775,18.29
1776,22.93
1777,18.26
1778,23.52
1779,18.62
1780,16.89
1781,18.gru
1782,22.88
1783,14.wrz
1784,22.14
1785,22.66
1786,15.61
1787,20.45
1788,18.87
1789,16.30
1790,19.13
1791,17.98
1792,16.53
1793,24.28
1794,16.41
1795,20.lut
1796,21.maj
1797,16.76
1798,18.65
1799,14.76
1800,17.69
1801,17.60
1802,20.87
1803,14.74
1804,16.67
1805,16.85
1806,16.26
1807,17.24
1808,18.18
1809,19.lis
1810,17.78
1811,22.21
1812,18.66
1813,15.27
1814,17.61
1815,17.29
1816,17.15
1817,16.16
1818,17.75
1819,19.29
1820,22.94
1821,19.80
1822,16.51
1823,23.86
1824,16.61
1825,17.16
1826,19.95
1827,18.72
1828,16.73
1829,15.14
1830,21.36
1831,20.30
1832,18.cze
1833,20.55
1834,18.25
1835,19.44
1836,18.63
1837,17.87
1838,19.22
1839,20.00
1840,16.33
1841,22.93
1842,20.gru
1843,13.95
1844,22.51
1845,15.55
1846,18.82
1847,14.24
1848,18.96
1849,21.85
1850,21.24
1851,17.pa�
1852,17.88
1853,18.64
1854,15.90
1855,16.wrz
1856,18.lis
1857,18.sie
1858,20.28
1859,15.95
1860,17.90
1861,20.68
1862,18.38
1863,16.68
1864,22.pa�
1865,18.40
1866,21.19
1867,15.96
1868,18.20
1869,25.cze
1870,18.sty
1871,20.67
1872,17.20
1873,17.93
1874,19.38
1875,18.96
1876,16.48
1877,16.76
1878,17.40
1879,18.23
1880,20.33
1881,19.21
1882,19.18
1883,16.cze
1884,15.51
1885,17.25
1886,20.51
1887,20.58
1888,17.95
1889,14.99
1890,13.79
1891,17.56
1892,17.27
1893,18.65
1894,21.14
1895,14.15
1896,16.gru
1897,24.85
1898,18.77
1899,19.88
1900,16.54
1901,17.18
1902,15.72
1903,20.29
1904,16.39
1905,21.33
1906,17.42
1907,22.51
1908,20.26
1909,21.lip
1910,18.39
1911,14.14
1912,21.29
1913,13.69
1914,20.97
1915,18.27
1916,22.sty
1917,19.pa�
1918,17.83
1919,19.42
1920,20.65
1921,18.00
1922,19.67
1923,19.37
1924,20.28
1925,19.22
1926,16.61
1927,19.32
1928,22.85
1929,18.78
1930,16.lip
1931,20.cze
1932,17.97
1933,22.20
1934,17.16
1935,18.86
1936,18.27
1937,17.79
1938,20.36
1939,15.71
1940,18.20
1941,18.68
1942,21.30
1943,19.38
1944,15.73
1945,17.30
1946,19.74
1947,15.90
1948,18.56
1949,22.gru
1950,20.lut
1951,19.14
1952,26.16
1953,20.75
1954,18.00
1955,21.45
1956,20.47
1957,19.79
1958,18.kwi
1959,18.34
1960,20.80
1961,17.maj
1962,17.75
1963,20.73
1964,18.97
1965,20.gru
1966,18.pa�
1967,19.91
1968,15.kwi
1969,16.77
1970,17.70
1971,23.38
1972,20.lis
1973,16.77
1974,17.99
1975,19.95
1976,17.66
1977,21.sty
1978,19.sty
1979,23.52
1980,23.35
1981,18.20
1982,18.87
1983,19.58
1984,19.30
1985,20.47
1986,22.42
1987,17.51
1988,19.44
1989,20.wrz
1990,18.22
1991,17.43
1992,18.82
1993,21.49
1994,22.61
1995,21.69
1996,17.73
1997,20.83
1998,13.14
1999,20.kwi
2000,20.63
2001,17.sie
2002,18.lip
2003,18.59
2004,19.67
2005,20.41
2006,21.24
2007,18.82
2008,19.94
2009,18.lis
2010,20.59
2011,19.49
2012,17.lis
2013,20.40
2014,18.39
2015,18.26
2016,20.45
2017,20.20
2018,18.74
2019,18.25
2020,18.54
2021,17.16
2022,19.94
2023,21.kwi
2024,21.54
2025,23.25
2026,19.50
2027,19.51
2028,19.60
2029,20.18
2030,18.67
2031,16.44
2032,19.79
2033,19.sie
2034,19.maj
2035,21.57
2036,17.39
2037,17.67
2038,20.sty
2039,16.14
2040,24.15
2041,20.34
2042,23.wrz
2043,17.81
2044,16.29
2045,19.29
2046,15.cze
2047,17.58
2048,22.38
2049,20.19
2050,20.18
2051,18.48
2052,14.80
2053,18.15
2054,20.40
2055,21.56
2056,17.17
2057,18.28
2058,15.90
2059,15.25
2060,14.29
2061,17.95
2062,21.lut
2063,19.86
2064,13.47
2065,20.78
2066,19.90
2067,17.75
2068,17.pa�
2069,19.35
2070,21.83
2071,17.73
2072,20.89
2073,18.19
2074,17.42
2075,21.34
2076,17.17
2077,18.87
2078,22.46
2079,17.94
2080,20.55
2081,18.14
2082,18.27
2083,20.49
2084,19.25
2085,16.maj
2086,18.59
2087,23.82
2088,19.94
2089,19.28
2090,19.26
2091,18.99
2092,23.kwi
2093,24.13
2094,15.91
2095,16.36
2096,16.85
2097,18.71
2098,20.28
2099,18.84
2100,17.38
2101,19.26
2102,15.74
2103,15.82
2104,20.50
2105,21.27
2106,20.58
2107,22.74
2108,24.87
2109,17.80
2110,18.49
2111,18.40
2112,18.48
2113,18.72
2114,20.67
2115,19.28
2116,17.45
2117,17.26
2118,15.57
2119,21.65
2120,17.59
2121,15.86
2122,18.48
2123,18.45
2124,18.74
2125,16.20
2126,19.35
2127,21.22
2128,20.34
2129,18.55
2130,19.28
2131,20.42
2132,20.43
2133,16.60
2134,19.95
2135,18.15
2136,17.39
2137,18.lis
2138,20.81
2139,21.16
2140,22.97
2141,18.96
2142,18.00
2143,19.65
2144,17.78
2145,16.47
2146,22.92
2147,19.23
2148,18.14
2149,18.65
2150,15.92
2151,19.17
2152,24.60
2153,20.37
2154,19.69
2155,22.00
2156,18.55
2157,19.25
2158,22.94
2159,19.27
2160,18.34
2161,22.16
2162,16.95
2163,20.18
2164,17.lut
2165,19.26
2166,18.26
2167,16.59
2168,13.72
2169,17.59
2170,20.59
2171,16.lip
2172,21.88
2173,17.77
2174,17.24
2175,16.28
2176,15.64
2177,18.40
2178,20.48
2179,18.64
2180,16.79
2181,18.67
2182,17.92
2183,16.70
2184,21.wrz
2185,23.22
2186,19.50
2187,16.lip
2188,15.55
2189,16.64
2190,20.42
2191,18.41
2192,20.29
2193,17.pa�
2194,17.67
2195,17.cze
2196,19.43
2197,19.64
2198,15.91
2199,20.64
2200,15.lip
2201,18.lip
2202,16.gru
2203,16.73
2204,18.48
2205,17.44
2206,17.20
2207,23.58
2208,21.28
2209,16.23
2210,19.20
2211,17.67
2212,17.92
2213,19.45
2214,20.97
2215,16.35
2216,20.56
2217,19.77
2218,17.57
2219,18.78
2220,20.17
2221,17.88
2222,21.78
2223,16.57
2224,25.49
2225,20.00
2226,18.16
2227,19.74
2228,18.62
2229,19.46
2230,22.15
2231,16.58
2232,18.70
2233,18.70
2234,18.27
2235,16.24
2236,16.41
2237,20.79
2238,21.18
2239,19.73
2240,20.19
2241,19.71
2242,14.54
2243,16.48
2244,14.84
2245,14.59
2246,15.65
2247,18.22
2248,20.80
2249,19.sie
2250,23.30
2251,20.78
2252,19.27
2253,17.76
2254,14.17
2255,19.32
2256,18.40
2257,18.44
2258,17.kwi
2259,16.34
2260,16.18
2261,15.70
2262,18.90
2263,19.83
2264,16.38
2265,18.49
2266,17.44
2267,17.72
2268,22.27
2269,21.lis
2270,20.25
2271,25.13
2272,18.84
2273,16.67
2274,16.44
2275,19.wrz
2276,15.65
2277,21.63
2278,17.70
2279,16.27
2280,23.58
2281,20.wrz
2282,17.65
2283,20.80
2284,22.89
2285,22.16
2286,16.54
2287,19.73
2288,15.35
2289,21.43
2290,16.71
2291,19.94
2292,18.42
2293,18.90
2294,20.27
2295,20.47
2296,20.41
2297,18.pa�
2298,21.73
2299,14.83
2300,17.39
2301,19.63
2302,18.maj
2303,16.95
2304,15.99
2305,23.lut
2306,17.27
2307,20.74
2308,18.37
2309,17.29
2310,15.71
2311,18.55
2312,gru.43
2313,15.75
2314,20.15
2315,18.52
2316,15.58
2317,19.62
2318,16.42
2319,18.63
2320,15.19
2321,17.65
2322,16.78
2323,21.38
2324,16.68
2325,19.pa�
2326,15.00
2327,16.56
2328,19.86
2329,18.53
2330,22.kwi
2331,18.cze
2332,15.85
2333,16.63
2334,18.64
2335,21.49
2336,18.maj
2337,20.lut
2338,19.38
2339,20.82
2340,20.00
2341,17.61
2342,19.55
2343,25.sty
2344,16.81
2345,16.sty
2346,21.40
2347,17.32
2348,18.16
2349,17.84
2350,17.24
2351,19.25
2352,22.71
2353,18.cze
2354,20.36
2355,19.18
2356,20.58
2357,22.maj
2358,15.kwi
2359,21.14
2360,19.59
2361,17.14
2362,21.67
2363,18.40
2364,16.79
2365,22.21
2366,17.40
2367,16.47
2368,18.64
2369,16.37
2370,18.16
2371,16.81
2372,21.14
2373,21.30
2374,15.40
2375,18.42
2376,15.40
2377,16.cze
2378,24.pa�
2379,19.82
2380,16.59
2381,20.50
2382,22.82
2383,17.19
2384,22.25
2385,15.49
2386,19.94
2387,14.sie
2388,18.wrz
2389,16.80
2390,19.70
2391,15.86
2392,18.43
2393,22.57
2394,18.99
2395,14.74
2396,20.mar
2397,20.21
2398,15.61
2399,17.56
2400,16.39
2401,18.93
2402,15.65
2403,17.77
2404,18.70
2405,21.36
2406,16.93
2407,17.43
2408,17.mar
2409,18.sty
2410,20.34
2411,15.82
2412,18.45
2413,21.16
2414,21.91
2415,18.24
2416,20.86
2417,16.73
2418,19.lip
2419,18.85
2420,20.37
2421,20.89
2422,19.00
2423,17.96
2424,18.16
2425,17.wrz
2426,20.lut
2427,20.68
2428,18.83
2429,19.wrz
2430,16.75
2431,14.35
2432,16.61
2433,23.27
2434,17.87
2435,21.89
2436,22.42
2437,16.96
2438,19.70
2439,19.69
2440,17.41
2441,18.70
2442,19.38
2443,20.83
2444,15.46
2445,22.57
2446,20.19
2447,17.37
2448,16.47
2449,18.81
2450,16.20
2451,20.wrz
2452,18.55
2453,15.38
2454,23.60
2455,18.52
2456,19.34
2457,20.33
2458,19.22
2459,20.38
2460,18.20
2461,15.39
2462,19.94
2463,20.93
2464,17.54
2465,18.66
2466,20.39
2467,21.31
2468,20.49
2469,20.wrz
2470,20.96
2471,13.72
2472,19.28
2473,15.98
2474,18.89
2475,19.19
2476,19.62
2477,16.24
2478,16.57
2479,16.sty
2480,18.65
2481,15.42
2482,19.53
2483,18.lip
2484,14.34
2485,13.80
2486,18.19
2487,20.75
2488,19.46
2489,19.maj
2490,18.45
2491,18.lut
2492,17.66
2493,17.78
2494,18.00
2495,18.kwi
2496,20.97
2497,18.64
2498,19.71
2499,15.44
2500,17.51
2501,14.74
2502,18.60
2503,20.36
2504,14.80
2505,16.39
2506,13.63
2507,19.22
2508,18.21
2509,18.56
2510,19.57
2511,18.62
2512,18.24
2513,17.41
2514,17.24
2515,17.91
2516,18.38
2517,19.29
2518,16.86
2519,19.00
2520,15.76
2521,15.41
2522,16.95
2523,22.85
2524,14.77
2525,19.74
2526,19.49
2527,20.98
2528,17.73
2529,19.22
2530,19.73
2531,16.50
2532,15.54
2533,20.76
2534,17.26
2535,15.pa�
2536,14.66
2537,18.90
2538,18.75
2539,16.13
2540,22.92
2541,20.85
2542,19.77
2543,22.49
2544,21.53
2545,19.24
2546,15.14
2547,21.82
2548,17.gru
2549,18.28
2550,19.60
2551,18.wrz
2552,16.98
2553,21.71
2554,19.91
2555,17.20
2556,19.13
2557,20.32
2558,15.lip
2559,21.18
2560,18.59
2561,20.00
2562,17.18
2563,18.67
2564,17.14
2565,17.31
2566,17.54
2567,15.86
2568,15.65
2569,17.72
2570,16.wrz
2571,16.cze
2572,21.92
2573,17.15
2574,18.95
2575,17.42
2576,21.72
2577,17.94
2578,19.71
2579,20.92
2580,19.52
2581,16.33
2582,19.54
2583,19.93
2584,21.sie
2585,18.75
2586,16.89
2587,22.cze
2588,19.gru
2589,19.28
2590,19.36
2591,gru.18
2592,15.80
2593,17.38
2594,17.93
2595,13.15
2596,16.47
2597,18.74
2598,18.22
2599,22.84
2600,16.92
2601,20.lis
2602,21.93
2603,19.98
2604,19.94
2605,21.90
2606,24.wrz
2607,21.34
2608,14.79
2609,15.80
2610,18.55
2611,15.14
2612,20.25
2613,22.50
2614,16.14
2615,19.63
2616,16.28
2617,17.20
2618,19.98
2619,18.31
2620,16.gru
2621,13.57
2622,16.28
2623,18.32
2624,15.14
2625,16.83
2626,18.68
2627,16.68
2628,18.81
2629,20.48
2630,20.82
2631,21.26
2632,21.wrz
2633,23.83
2634,17.pa�
2635,19.75
2636,19.15
2637,19.50
2638,19.53
2639,18.59
2640,18.91
2641,15.68
2642,14.18
2643,16.73
2644,19.46
2645,17.sie
2646,22.77
2647,20.75
2648,15.98
2649,17.66
2650,18.16
2651,16.98
2652,18.54
2653,19.29
2654,20.82
2655,19.44
2656,14.58
2657,14.49
2658,13.68
2659,17.54
2660,13.22
2661,16.41
2662,17.23
2663,21.21
2664,16.00
2665,20.72
2666,19.60
2667,15.20
2668,18.58
2669,19.27
2670,17.29
2671,15.30
2672,20.28
2673,20.18
2674,18.61
2675,19.60
2676,22.30
2677,20.55
2678,19.wrz
2679,20.41
2680,17.25
2681,17.70
2682,20.77
2683,22.92
2684,20.14
2685,18.97
2686,19.35
2687,19.19
2688,18.67
2689,19.73
2690,20.73
2691,23.93
2692,19.lis
2693,19.kwi
2694,16.94
2695,13.90
2696,16.21
2697,20.20
2698,16.45
2699,20.48
2700,18.91
2701,18.lip
2702,15.91
2703,23.99
2704,20.89
2705,19.82
2706,19.54
2707,21.40
2708,22.14
2709,19.00
2710,14.77
2711,19.19
2712,17.27
2713,17.18
2714,18.68
2715,17.81
2716,19.22
2717,15.13
2718,19.68
2719,21.lis
2720,20.22
2721,19.82
2722,18.00
2723,20.85
2724,19.30
2725,18.39
2726,18.88
2727,23.00
2728,19.53
2729,16.24
2730,23.99
2731,17.98
2732,20.88
2733,21.86
2734,19.57
2735,19.56
2736,20.34
2737,21.kwi
2738,18.27
2739,15.67
2740,25.96
2741,19.46
2742,21.59
2743,16.89
2744,21.31
2745,18.17
2746,20.37
2747,23.84
2748,18.00
2749,18.70
2750,14.76
2751,15.33
2752,19.32
2753,18.80
2754,14.21
2755,22.29
2756,18.74
2757,19.sie
2758,19.32
2759,18.wrz
2760,18.70
2761,16.20
2762,17.91
2763,16.17
2764,15.wrz
2765,16.87
2766,20.30
2767,16.32
2768,19.66
2769,19.63
2770,18.48
2771,18.98
2772,20.56
2773,18.14
2774,17.31
2775,19.44
2776,21.43
2777,15.49
2778,17.47
2779,16.60
2780,15.23
2781,16.50
2782,17.80
2783,15.64
2784,15.lut
2785,19.13
2786,19.40
2787,20.16
2788,19.53
2789,17.16
2790,21.38
2791,17.sie
2792,18.86
2793,16.60
2794,15.40
2795,17.55
2796,18.54
2797,18.40
2798,17.lut
2799,23.lip
2800,15.74
2801,21.00
2802,20.30
2803,15.46
2804,19.67
2805,17.77
2806,18.78
2807,20.gru
2808,21.25
2809,16.84
2810,17.64
2811,20.37
2812,17.18
2813,19.lip
2814,21.59
2815,16.19
2816,19.sty
2817,16.66
2818,19.37
2819,21.47
2820,17.28
2821,19.49
2822,18.39
2823,16.68
2824,14.83
2825,14.sie
2826,gru.19
2827,17.52
2828,19.16
2829,14.89
2830,17.67
2831,16.68
2832,17.33
2833,18.lis
2834,15.gru
2835,19.gru
2836,16.18
2837,15.38
2838,17.76
2839,15.45
2840,18.55
2841,15.14
2842,17.13
2843,13.60
2844,16.43
2845,16.90
2846,14.44
2847,18.35
2848,16.26
2849,19.sie
2850,20.47
2851,16.17
2852,19.89
2853,lis.64
2854,16.85
2855,19.66
2856,19.96
2857,16.35
2858,15.40
2859,17.71
2860,18.67
2861,18.21
2862,15.mar
2863,17.maj
2864,18.86
2865,13.85
2866,14.64
2867,16.47
2868,19.13
2869,15.51
2870,19.90
2871,21.21
2872,14.46
2873,20.lut
2874,18.80
2875,18.42
2876,16.22
2877,18.46
2878,13.40
2879,17.57
2880,16.sty
2881,16.98
2882,21.92
2883,17.91
2884,17.49
2885,19.22
2886,19.48
2887,21.43
2888,20.14
2889,20.97
2890,16.62
2891,12.lis
2892,20.31
2893,18.80
2894,19.97
2895,18.75
2896,19.54
2897,19.00
2898,19.lis
2899,17.17
2900,18.31
2901,18.wrz
2902,17.61
2903,21.47
2904,17.kwi
2905,24.gru
2906,18.63
2907,19.25
2908,19.78
2909,15.88
2910,16.27
2911,19.71
2912,17.42
2913,15.26
2914,16.gru
2915,15.59
2916,17.91
2917,15.36
2918,20.33
2919,15.74
2920,15.26
2921,16.27
2922,16.60
2923,15.41
2924,16.78
2925,17.81
2926,18.22
2927,14.77
2928,16.71
2929,18.wrz
2930,18.lis
2931,17.93
2932,17.61
2933,19.33
2934,13.91
2935,14.15
2936,16.63
2937,16.23
2938,17.83
2939,19.15
2940,19.66
2941,16.63
2942,17.77
2943,19.82
2944,14.94
2945,18.33
2946,17.lut
2947,17.96
2948,17.88
2949,19.24
2950,17.18
2951,15.94
2952,19.54
2953,18.39
2954,17.63
2955,16.92
2956,13.42
2957,19.maj
2958,18.47
2959,18.94
2960,17.43
2961,17.49
2962,19.19
2963,19.78
2964,13.48
2965,18.sie
2966,17.63
2967,17.maj
2968,16.59
2969,18.75
2970,19.76
2971,18.17
2972,18.79
2973,18.96
2974,16.gru
2975,18.77
2976,19.44
2977,16.86
2978,18.00
2979,18.94
2980,17.44
2981,15.79
2982,16.61
2983,18.40
2984,16.44
2985,18.46
2986,16.97
2987,19.58
2988,17.89
2989,18.27
2990,19.lut
2991,16.38
2992,13.24
2993,17.80
2994,17.23
2995,16.20
2996,18.19
2997,13.60
2998,17.51
2999,15.68
3000,17.85
3001,19.54
3002,18.27
3003,14.91
3004,18.21
3005,19.14
3006,16.71
3007,16.sty
3008,15.52
3009,19.77
3010,14.88
3011,15.00
3012,17.49
3013,14.28
3014,15.94
3015,16.69
3016,18.85
3017,14.28
3018,15.kwi
3019,17.lip
3020,14.40
3021,15.95
3022,16.77
3023,14.23
3024,16.61
3025,17.lip
3026,17.92
3027,17.kwi
3028,16.13
3029,19.18
3030,19.pa�
3031,18.39
3032,14.72
3033,15.64
3034,14.20
3035,17.56
3036,17.25
3037,15.88
3038,18.lut
3039,18.85
3040,18.47
3041,16.95
3042,14.51
3043,18.58
3044,19.62
3045,18.98
3046,18.61
3047,19.66
3048,19.wrz
3049,18.80
3050,15.46
3051,19.54
3052,17.40
3053,15.64
3054,18.42
